image_path,label,split,image_id,label_name,true_label,weak_label_kmeans,confidence_score,weak_label_kmeans_filtered
data\unlabelled\005d9a37-8894-4eb5-8367-1015d4a43638.jpg,-1,unlabeled,005d9a37-8894-4eb5-8367-1015d4a43638,unlabeled,-1,1,0.26935407136038325,1
data\unlabelled\02d2c771-7bf5-4771-972c-7f123088b7b0.jpg,-1,unlabeled,02d2c771-7bf5-4771-972c-7f123088b7b0,unlabeled,-1,1,0.2795995684074667,1
data\unlabelled\047c949c-1610-4094-bee7-10b6ea7064a5.jpg,-1,unlabeled,047c949c-1610-4094-bee7-10b6ea7064a5,unlabeled,-1,1,0.2798654426429935,1
data\unlabelled\04b806ad-e6ed-47bc-a2e8-ce0d2d790de4.jpg,-1,unlabeled,04b806ad-e6ed-47bc-a2e8-ce0d2d790de4,unlabeled,-1,0,0.2995949661562405,0
data\unlabelled\04d076ce-4216-47ba-9013-6fe6956c7aed.jpg,-1,unlabeled,04d076ce-4216-47ba-9013-6fe6956c7aed,unlabeled,-1,1,0.2895792954075864,1
data\unlabelled\04dd2b78-0aa3-4364-b762-21a6e71d3658.jpg,-1,unlabeled,04dd2b78-0aa3-4364-b762-21a6e71d3658,unlabeled,-1,0,0.3376478126745174,0
data\unlabelled\0746ecad-9485-4245-a119-cdbe6f074d7a.jpg,-1,unlabeled,0746ecad-9485-4245-a119-cdbe6f074d7a,unlabeled,-1,0,0.29095328128607556,0
data\unlabelled\09dece73-b184-494f-b636-f5d3113b6f3e.jpg,-1,unlabeled,09dece73-b184-494f-b636-f5d3113b6f3e,unlabeled,-1,0,0.3252128519337234,0
data\unlabelled\0a648d43-8eac-4a02-a654-e003192e6647.jpg,-1,unlabeled,0a648d43-8eac-4a02-a654-e003192e6647,unlabeled,-1,0,0.3078096138443994,0
data\unlabelled\0b1c07b9-ac3e-4107-8832-5399525f3b1f.jpg,-1,unlabeled,0b1c07b9-ac3e-4107-8832-5399525f3b1f,unlabeled,-1,1,0.27630322159524134,1
data\unlabelled\0b52ef0e-2a70-40c9-902d-2fd6ce8f37bf.jpg,-1,unlabeled,0b52ef0e-2a70-40c9-902d-2fd6ce8f37bf,unlabeled,-1,1,0.30458165832776385,1
data\unlabelled\0b89c970-7727-4316-af01-1b2ea58abecb.jpg,-1,unlabeled,0b89c970-7727-4316-af01-1b2ea58abecb,unlabeled,-1,0,0.35451823227890666,0
data\unlabelled\0cca1e2e-17f6-4f0d-a3f6-c2af1ca03d8a.jpg,-1,unlabeled,0cca1e2e-17f6-4f0d-a3f6-c2af1ca03d8a,unlabeled,-1,0,0.2702292457706936,0
data\unlabelled\0e03c995-5e01-4d93-99bc-24db1ad09cd7.jpg,-1,unlabeled,0e03c995-5e01-4d93-99bc-24db1ad09cd7,unlabeled,-1,0,0.4139558364201741,0
data\unlabelled\0e330b05-12c4-46f5-bcc8-edde0faa0b9e.jpg,-1,unlabeled,0e330b05-12c4-46f5-bcc8-edde0faa0b9e,unlabeled,-1,1,0.27726436361702855,1
data\unlabelled\0f1671c9-0387-484e-8e31-61e1fe074e7b.jpg,-1,unlabeled,0f1671c9-0387-484e-8e31-61e1fe074e7b,unlabeled,-1,1,0.29172771720310386,1
data\unlabelled\0f716a6b-8467-459c-bf58-4d34e9439d1d.jpg,-1,unlabeled,0f716a6b-8467-459c-bf58-4d34e9439d1d,unlabeled,-1,1,0.2970291457898655,1
data\unlabelled\107d8f7a-af33-493c-aed2-895db3dd948f.jpg,-1,unlabeled,107d8f7a-af33-493c-aed2-895db3dd948f,unlabeled,-1,0,0.269323997558521,0
data\unlabelled\11698a42-88ac-4e65-8ea8-2e246db28656.jpg,-1,unlabeled,11698a42-88ac-4e65-8ea8-2e246db28656,unlabeled,-1,1,0.27012154797877164,1
data\unlabelled\11f03e5d-e170-46cd-a732-e0a47e31ddd0.jpg,-1,unlabeled,11f03e5d-e170-46cd-a732-e0a47e31ddd0,unlabeled,-1,0,0.2941741937339115,0
data\unlabelled\140df938-9d81-4fd3-806b-2b429eeb54cc.jpg,-1,unlabeled,140df938-9d81-4fd3-806b-2b429eeb54cc,unlabeled,-1,1,0.3289453417361826,1
data\unlabelled\15127f32-b7fc-4c5a-9721-c885bfedef71.jpg,-1,unlabeled,15127f32-b7fc-4c5a-9721-c885bfedef71,unlabeled,-1,0,0.28164098466790544,0
data\unlabelled\153bfc9b-79f5-4e36-b253-78d5a1dd8066.jpg,-1,unlabeled,153bfc9b-79f5-4e36-b253-78d5a1dd8066,unlabeled,-1,1,0.26733188049388945,1
data\unlabelled\156ff8c8-8941-4692-8d13-a6e19a755277.jpg,-1,unlabeled,156ff8c8-8941-4692-8d13-a6e19a755277,unlabeled,-1,1,0.29013356179101835,1
data\unlabelled\16f86049-de6f-44e6-a7f0-5d46a223cee1.jpg,-1,unlabeled,16f86049-de6f-44e6-a7f0-5d46a223cee1,unlabeled,-1,1,0.3271263092891835,1
data\unlabelled\17435d59-0819-4e99-b85a-435e13079291.jpg,-1,unlabeled,17435d59-0819-4e99-b85a-435e13079291,unlabeled,-1,1,0.3017819252702191,1
data\unlabelled\18322501-e80d-4458-8d1b-1d3485ca3a6a.jpg,-1,unlabeled,18322501-e80d-4458-8d1b-1d3485ca3a6a,unlabeled,-1,1,0.2839426508662388,1
data\unlabelled\18599c4b-13b7-434f-a6fc-4ab53c41aa95.jpg,-1,unlabeled,18599c4b-13b7-434f-a6fc-4ab53c41aa95,unlabeled,-1,0,0.2669684150275108,0
data\unlabelled\194106ce-8b9a-4a6f-b82d-643f09169c9f.jpg,-1,unlabeled,194106ce-8b9a-4a6f-b82d-643f09169c9f,unlabeled,-1,0,0.37690125134894936,0
data\unlabelled\1a308b44-87af-4ff2-8b88-da32c6df05af.jpg,-1,unlabeled,1a308b44-87af-4ff2-8b88-da32c6df05af,unlabeled,-1,1,0.27187835487916834,1
data\unlabelled\1bc063fa-c3ce-44e1-bd90-7e9aab3fee83.jpg,-1,unlabeled,1bc063fa-c3ce-44e1-bd90-7e9aab3fee83,unlabeled,-1,1,0.26692374645835737,1
data\unlabelled\1be11da9-3864-4551-b6b3-e5a860d5bc3d.jpg,-1,unlabeled,1be11da9-3864-4551-b6b3-e5a860d5bc3d,unlabeled,-1,1,0.2686657717466776,1
data\unlabelled\1d9eb250-cca0-4666-834c-640166b27b3e.jpg,-1,unlabeled,1d9eb250-cca0-4666-834c-640166b27b3e,unlabeled,-1,0,0.2951255033241723,0
data\unlabelled\1fa28180-7d76-4715-9775-331fc368a61b.jpg,-1,unlabeled,1fa28180-7d76-4715-9775-331fc368a61b,unlabeled,-1,0,0.3347671089114047,0
data\unlabelled\1fa589e0-0d6d-4bd3-9134-961fb3e14f8f.jpg,-1,unlabeled,1fa589e0-0d6d-4bd3-9134-961fb3e14f8f,unlabeled,-1,1,0.28076833501749754,1
data\unlabelled\1fafde0a-7b47-476d-943e-47b0018d58db.jpg,-1,unlabeled,1fafde0a-7b47-476d-943e-47b0018d58db,unlabeled,-1,0,0.3085286727726487,0
data\unlabelled\2003b9d5-b9f6-40c3-b0e1-dd6118850112.jpg,-1,unlabeled,2003b9d5-b9f6-40c3-b0e1-dd6118850112,unlabeled,-1,0,0.31736224808932334,0
data\unlabelled\2067808c-0990-433a-a8a1-b663f1a460b3.jpg,-1,unlabeled,2067808c-0990-433a-a8a1-b663f1a460b3,unlabeled,-1,1,0.27247870086844483,1
data\unlabelled\214ae8cc-6d28-4f2a-8172-7023efb00d06.jpg,-1,unlabeled,214ae8cc-6d28-4f2a-8172-7023efb00d06,unlabeled,-1,0,0.269623478686314,0
data\unlabelled\239b9986-e7d3-4a2f-a259-0947eef56f52.jpg,-1,unlabeled,239b9986-e7d3-4a2f-a259-0947eef56f52,unlabeled,-1,1,0.304150903363258,1
data\unlabelled\2439ba57-aa49-4cab-8b55-b20309852f4d.jpg,-1,unlabeled,2439ba57-aa49-4cab-8b55-b20309852f4d,unlabeled,-1,1,0.28993936830017686,1
data\unlabelled\24747dd0-93e1-43bd-b824-15b973b1585e.jpg,-1,unlabeled,24747dd0-93e1-43bd-b824-15b973b1585e,unlabeled,-1,0,0.39039844381877686,0
data\unlabelled\24e82706-723d-419a-8f93-519ebabbd8a4.jpg,-1,unlabeled,24e82706-723d-419a-8f93-519ebabbd8a4,unlabeled,-1,0,0.3326027301705694,0
data\unlabelled\25f9bbfb-a9ec-46ef-8d26-70ff3b5ef97e.jpg,-1,unlabeled,25f9bbfb-a9ec-46ef-8d26-70ff3b5ef97e,unlabeled,-1,1,0.29634420420162055,1
data\unlabelled\2918e699-5fee-4936-90a8-7e61827ee531.jpg,-1,unlabeled,2918e699-5fee-4936-90a8-7e61827ee531,unlabeled,-1,0,0.3047879945849926,0
data\unlabelled\2aaee55e-bd7c-4b53-bc10-f0655e9c343c.jpg,-1,unlabeled,2aaee55e-bd7c-4b53-bc10-f0655e9c343c,unlabeled,-1,1,0.3017097360904074,1
data\unlabelled\2ba54f20-318c-4c04-b110-0ae0b80f60df.jpg,-1,unlabeled,2ba54f20-318c-4c04-b110-0ae0b80f60df,unlabeled,-1,0,0.35218928104367775,0
data\unlabelled\2c4fa56e-5827-4398-8d9c-9b7a8ad5b1cf.jpg,-1,unlabeled,2c4fa56e-5827-4398-8d9c-9b7a8ad5b1cf,unlabeled,-1,1,0.31340109437118313,1
data\unlabelled\2e851a56-15c3-4063-b004-382142142e97.jpg,-1,unlabeled,2e851a56-15c3-4063-b004-382142142e97,unlabeled,-1,1,0.2759675978776779,1
data\unlabelled\2ebe1d0a-8b43-4ca1-b375-8aad317ab286.jpg,-1,unlabeled,2ebe1d0a-8b43-4ca1-b375-8aad317ab286,unlabeled,-1,0,0.29853834126884227,0
data\unlabelled\2f8b9176-5606-4628-9a01-8ba1870e4eba.jpg,-1,unlabeled,2f8b9176-5606-4628-9a01-8ba1870e4eba,unlabeled,-1,0,0.2919240617834815,0
data\unlabelled\302226bb-03f5-437b-8f97-f023756010ae.jpg,-1,unlabeled,302226bb-03f5-437b-8f97-f023756010ae,unlabeled,-1,1,0.31113878062348976,1
data\unlabelled\30f4d898-458b-420e-b687-9fd4a12eedcc.jpg,-1,unlabeled,30f4d898-458b-420e-b687-9fd4a12eedcc,unlabeled,-1,0,0.3374580197399205,0
data\unlabelled\31dfb326-02c8-43d8-9fe9-b71554519dbb.jpg,-1,unlabeled,31dfb326-02c8-43d8-9fe9-b71554519dbb,unlabeled,-1,1,0.29364952161255686,1
data\unlabelled\3321576b-367a-4938-8d64-67e51250b119.jpg,-1,unlabeled,3321576b-367a-4938-8d64-67e51250b119,unlabeled,-1,1,0.3239448984383996,1
data\unlabelled\349a5dee-ae7f-4de8-a34f-b34f593d1b60.jpg,-1,unlabeled,349a5dee-ae7f-4de8-a34f-b34f593d1b60,unlabeled,-1,0,0.3638043619924619,0
data\unlabelled\36237878-c00d-4943-9ae5-66858bf5f88c.jpg,-1,unlabeled,36237878-c00d-4943-9ae5-66858bf5f88c,unlabeled,-1,0,0.36516427534970275,0
data\unlabelled\36aa97d2-9e9b-4d5a-8b69-ac719d8012e9.jpg,-1,unlabeled,36aa97d2-9e9b-4d5a-8b69-ac719d8012e9,unlabeled,-1,1,0.26797171658033947,1
data\unlabelled\36d73f55-0c1c-4e0e-8d95-44a7a86f2bce.jpg,-1,unlabeled,36d73f55-0c1c-4e0e-8d95-44a7a86f2bce,unlabeled,-1,1,0.2786092610915044,1
data\unlabelled\36f49b25-9b44-4539-a281-133ea3b82e57.jpg,-1,unlabeled,36f49b25-9b44-4539-a281-133ea3b82e57,unlabeled,-1,1,0.3140469451647372,1
data\unlabelled\379370a3-44c0-419c-941f-dd99692e70e2.jpg,-1,unlabeled,379370a3-44c0-419c-941f-dd99692e70e2,unlabeled,-1,1,0.28960077266886597,1
data\unlabelled\3ae4539c-96a8-4428-a555-29753b701ce0.jpg,-1,unlabeled,3ae4539c-96a8-4428-a555-29753b701ce0,unlabeled,-1,1,0.29439109364633653,1
data\unlabelled\3aff54be-b7ff-4071-abce-a25915bb0453.jpg,-1,unlabeled,3aff54be-b7ff-4071-abce-a25915bb0453,unlabeled,-1,1,0.29333567214401235,1
data\unlabelled\3e3bc53d-e0df-450f-b93b-9d3e6060e195.jpg,-1,unlabeled,3e3bc53d-e0df-450f-b93b-9d3e6060e195,unlabeled,-1,0,0.29414576518456403,0
data\unlabelled\3efef3cf-866e-477d-8371-ce2de57bdb8b.jpg,-1,unlabeled,3efef3cf-866e-477d-8371-ce2de57bdb8b,unlabeled,-1,0,0.292351506680677,0
data\unlabelled\40a84ff8-47bf-4962-80d1-98ab2bf63a4d.jpg,-1,unlabeled,40a84ff8-47bf-4962-80d1-98ab2bf63a4d,unlabeled,-1,0,0.2817877172325337,0
data\unlabelled\420bc65c-4456-45ff-b5b4-19ba112649c3.jpg,-1,unlabeled,420bc65c-4456-45ff-b5b4-19ba112649c3,unlabeled,-1,0,0.2732349972357,0
data\unlabelled\438833fd-6e2c-4a08-915e-dd984764fa0e.jpg,-1,unlabeled,438833fd-6e2c-4a08-915e-dd984764fa0e,unlabeled,-1,0,0.2903183027595121,0
data\unlabelled\4542a953-9f45-49ca-b90b-502fd29732c7.jpg,-1,unlabeled,4542a953-9f45-49ca-b90b-502fd29732c7,unlabeled,-1,1,0.3490407974380839,1
data\unlabelled\47abe1b3-9a05-4d39-bae6-f3287dfffa60.jpg,-1,unlabeled,47abe1b3-9a05-4d39-bae6-f3287dfffa60,unlabeled,-1,1,0.289891600895391,1
data\unlabelled\48707112-26c5-4351-ba2d-ea391da2c900.jpg,-1,unlabeled,48707112-26c5-4351-ba2d-ea391da2c900,unlabeled,-1,0,0.2798681309674905,0
data\unlabelled\487ce1da-e303-4e8d-bcc4-9e857ad7b982.jpg,-1,unlabeled,487ce1da-e303-4e8d-bcc4-9e857ad7b982,unlabeled,-1,1,0.27146934607234396,1
data\unlabelled\4940c0e4-2564-446d-a31e-49730bace275.jpg,-1,unlabeled,4940c0e4-2564-446d-a31e-49730bace275,unlabeled,-1,0,0.27185209465197324,0
data\unlabelled\4ab4a1fe-973b-4d6f-9efd-3803308a3554.jpg,-1,unlabeled,4ab4a1fe-973b-4d6f-9efd-3803308a3554,unlabeled,-1,0,0.2951255173876519,0
data\unlabelled\4bc797d8-30f1-45b4-ae60-1eb83188c8db.jpg,-1,unlabeled,4bc797d8-30f1-45b4-ae60-1eb83188c8db,unlabeled,-1,1,0.2676519290023506,1
data\unlabelled\4beb7ae1-51f0-48f2-bc18-a13500e164ef.jpg,-1,unlabeled,4beb7ae1-51f0-48f2-bc18-a13500e164ef,unlabeled,-1,1,0.268915853728641,1
data\unlabelled\4e2a2ed8-cc16-4b42-b67e-59f949e07654.jpg,-1,unlabeled,4e2a2ed8-cc16-4b42-b67e-59f949e07654,unlabeled,-1,0,0.2797197112295957,0
data\unlabelled\4e485909-c17c-473b-a216-2ff0609db39f.jpg,-1,unlabeled,4e485909-c17c-473b-a216-2ff0609db39f,unlabeled,-1,0,0.35761660265378525,0
data\unlabelled\4ed9890b-5bc7-4467-ae5f-2e10bd59040c.jpg,-1,unlabeled,4ed9890b-5bc7-4467-ae5f-2e10bd59040c,unlabeled,-1,1,0.3012573402979887,1
data\unlabelled\4ff27469-de3a-4025-8ae9-7ca95650115c.jpg,-1,unlabeled,4ff27469-de3a-4025-8ae9-7ca95650115c,unlabeled,-1,0,0.3147109297498537,0
data\unlabelled\5161b562-dee2-4274-bfa3-71ee764d2f3a.jpg,-1,unlabeled,5161b562-dee2-4274-bfa3-71ee764d2f3a,unlabeled,-1,0,0.2876061986630075,0
data\unlabelled\51a311cf-b0df-4759-8b4b-0dae8eee2a4e.jpg,-1,unlabeled,51a311cf-b0df-4759-8b4b-0dae8eee2a4e,unlabeled,-1,1,0.3101755710537383,1
data\unlabelled\526c8abe-325b-4e72-bff7-3476900bee6c.jpg,-1,unlabeled,526c8abe-325b-4e72-bff7-3476900bee6c,unlabeled,-1,0,0.2983160386520103,0
data\unlabelled\52cc60ff-dedd-4ed0-be2a-7538d2ed96d7.jpg,-1,unlabeled,52cc60ff-dedd-4ed0-be2a-7538d2ed96d7,unlabeled,-1,0,0.26831976130865187,0
data\unlabelled\52d8deef-b6a8-4772-8a02-be9a7f6b3741.jpg,-1,unlabeled,52d8deef-b6a8-4772-8a02-be9a7f6b3741,unlabeled,-1,0,0.3014128366958807,0
data\unlabelled\52fe9479-660b-47f8-955e-ebf52fe8c9aa.jpg,-1,unlabeled,52fe9479-660b-47f8-955e-ebf52fe8c9aa,unlabeled,-1,1,0.27474761420585625,1
data\unlabelled\55651521-e806-425c-8314-9fd20864b090.jpg,-1,unlabeled,55651521-e806-425c-8314-9fd20864b090,unlabeled,-1,1,0.38135452933562575,1
data\unlabelled\566df089-a010-4e9a-8038-48bafb8d65c4.jpg,-1,unlabeled,566df089-a010-4e9a-8038-48bafb8d65c4,unlabeled,-1,1,0.29059254715465954,1
data\unlabelled\56dad7f7-9054-468b-9714-10589af74613.jpg,-1,unlabeled,56dad7f7-9054-468b-9714-10589af74613,unlabeled,-1,1,0.30497447302831937,1
data\unlabelled\5735cc06-85b0-48a3-84c0-b636f7817ac5.jpg,-1,unlabeled,5735cc06-85b0-48a3-84c0-b636f7817ac5,unlabeled,-1,1,0.3209403595997379,1
data\unlabelled\5795682e-91f2-4aa7-917a-55b589fda78b.jpg,-1,unlabeled,5795682e-91f2-4aa7-917a-55b589fda78b,unlabeled,-1,1,0.33802688341504594,1
data\unlabelled\58cba4ba-db60-4790-af57-466b841a20ce.jpg,-1,unlabeled,58cba4ba-db60-4790-af57-466b841a20ce,unlabeled,-1,1,0.37657459381152525,1
data\unlabelled\5c4bac09-ff98-42e0-92d7-39d2795ce655.jpg,-1,unlabeled,5c4bac09-ff98-42e0-92d7-39d2795ce655,unlabeled,-1,0,0.3053744326094391,0
data\unlabelled\5d54c255-27b9-4656-9450-b0482579555a.jpg,-1,unlabeled,5d54c255-27b9-4656-9450-b0482579555a,unlabeled,-1,0,0.304486499933284,0
data\unlabelled\5e0830ef-ca21-4640-9a17-5e696db5efa6.jpg,-1,unlabeled,5e0830ef-ca21-4640-9a17-5e696db5efa6,unlabeled,-1,0,0.32932834414832757,0
data\unlabelled\5ea43909-09a1-45a8-9d03-f3b9df576090.jpg,-1,unlabeled,5ea43909-09a1-45a8-9d03-f3b9df576090,unlabeled,-1,0,0.33797207444765576,0
data\unlabelled\5ed35eaf-bdfa-452f-b7b7-85217d1ca78f.jpg,-1,unlabeled,5ed35eaf-bdfa-452f-b7b7-85217d1ca78f,unlabeled,-1,1,0.28137477672281064,1
data\unlabelled\5f4f7c1c-0ad6-4826-9a96-0c264d5f4b07.jpg,-1,unlabeled,5f4f7c1c-0ad6-4826-9a96-0c264d5f4b07,unlabeled,-1,0,0.2840817328702665,0
data\unlabelled\5f80fa29-e2a3-4897-ac4e-d3ec50b42898.jpg,-1,unlabeled,5f80fa29-e2a3-4897-ac4e-d3ec50b42898,unlabeled,-1,0,0.2791705257715299,0
data\unlabelled\60fc769c-658f-448d-b704-74364e12ad05.jpg,-1,unlabeled,60fc769c-658f-448d-b704-74364e12ad05,unlabeled,-1,1,0.320711877099795,1
data\unlabelled\6127ee10-688a-4e71-9b84-e80719bf4ef8.jpg,-1,unlabeled,6127ee10-688a-4e71-9b84-e80719bf4ef8,unlabeled,-1,1,0.31311292504344956,1
data\unlabelled\622159c6-bf81-4300-82ac-ec4583143d51.jpg,-1,unlabeled,622159c6-bf81-4300-82ac-ec4583143d51,unlabeled,-1,0,0.292351506680677,0
data\unlabelled\629ce647-ee7a-40ef-95a5-c991c5ba7665.jpg,-1,unlabeled,629ce647-ee7a-40ef-95a5-c991c5ba7665,unlabeled,-1,1,0.3094110176505841,1
data\unlabelled\62c94be8-7c39-492e-b536-c5251beb12f3.jpg,-1,unlabeled,62c94be8-7c39-492e-b536-c5251beb12f3,unlabeled,-1,1,0.26650652539798114,1
data\unlabelled\6543f400-4a2f-4365-b36f-e6fecf3799d4.jpg,-1,unlabeled,6543f400-4a2f-4365-b36f-e6fecf3799d4,unlabeled,-1,1,0.35103846333603894,1
data\unlabelled\66787dcb-65fc-465b-99f8-a5f3df43de8f.jpg,-1,unlabeled,66787dcb-65fc-465b-99f8-a5f3df43de8f,unlabeled,-1,1,0.31875421774688295,1
data\unlabelled\6691bbb0-a19f-4ac0-abb6-5614543e173e.jpg,-1,unlabeled,6691bbb0-a19f-4ac0-abb6-5614543e173e,unlabeled,-1,0,0.29558198737571084,0
data\unlabelled\66d4bf2b-0482-4db4-885e-89572cb5fc98.jpg,-1,unlabeled,66d4bf2b-0482-4db4-885e-89572cb5fc98,unlabeled,-1,1,0.27755624153487124,1
data\unlabelled\679bb091-0f65-45dc-9947-9209c0e02c75.jpg,-1,unlabeled,679bb091-0f65-45dc-9947-9209c0e02c75,unlabeled,-1,1,0.3208323288567638,1
data\unlabelled\67e3f880-94e9-42cc-bb99-5bba6b4bffcd.jpg,-1,unlabeled,67e3f880-94e9-42cc-bb99-5bba6b4bffcd,unlabeled,-1,1,0.27586979516403465,1
data\unlabelled\6825eab8-f17c-4521-a5b7-818729c0c5d9.jpg,-1,unlabeled,6825eab8-f17c-4521-a5b7-818729c0c5d9,unlabeled,-1,0,0.3292581940046373,0
data\unlabelled\68b3a1ed-7cc5-4267-bd56-f043506b7f77.jpg,-1,unlabeled,68b3a1ed-7cc5-4267-bd56-f043506b7f77,unlabeled,-1,1,0.3334158776652546,1
data\unlabelled\68e62626-7a8b-4149-baba-5550379957e7.jpg,-1,unlabeled,68e62626-7a8b-4149-baba-5550379957e7,unlabeled,-1,1,0.2992047992118574,1
data\unlabelled\691c1f9a-1fd6-4abc-bd75-db261111bd2b.jpg,-1,unlabeled,691c1f9a-1fd6-4abc-bd75-db261111bd2b,unlabeled,-1,1,0.27113209530659954,1
data\unlabelled\6bca1868-78e1-4fdb-8529-1dc544531537.jpg,-1,unlabeled,6bca1868-78e1-4fdb-8529-1dc544531537,unlabeled,-1,1,0.3220036648046831,1
data\unlabelled\6c4e751a-c8c2-41f6-914b-81e86cf46ae1.jpg,-1,unlabeled,6c4e751a-c8c2-41f6-914b-81e86cf46ae1,unlabeled,-1,0,0.2689043333262263,0
data\unlabelled\6c6496bf-be83-40ac-90b3-3ae38c62e8ca.jpg,-1,unlabeled,6c6496bf-be83-40ac-90b3-3ae38c62e8ca,unlabeled,-1,1,0.3028664590809952,1
data\unlabelled\6ce8de0b-3ea8-4ad9-85a5-245ea0d1405c.jpg,-1,unlabeled,6ce8de0b-3ea8-4ad9-85a5-245ea0d1405c,unlabeled,-1,1,0.3229708323491275,1
data\unlabelled\6d2dd6dd-cb52-449f-b878-be06d24c6f45.jpg,-1,unlabeled,6d2dd6dd-cb52-449f-b878-be06d24c6f45,unlabeled,-1,0,0.29722183827521564,0
data\unlabelled\6dd0426f-3cef-4af4-8327-69f724b587d8.jpg,-1,unlabeled,6dd0426f-3cef-4af4-8327-69f724b587d8,unlabeled,-1,1,0.3081991574400289,1
data\unlabelled\6e97f17a-b3c2-4cd6-a67b-c6d086eb07a3.jpg,-1,unlabeled,6e97f17a-b3c2-4cd6-a67b-c6d086eb07a3,unlabeled,-1,0,0.2712405064139479,0
data\unlabelled\6fd760c2-e08a-47de-a044-7934ef77f8f7.jpg,-1,unlabeled,6fd760c2-e08a-47de-a044-7934ef77f8f7,unlabeled,-1,0,0.3019497962623441,0
data\unlabelled\70727332-b9d9-4641-9ee2-1c74a56740ad.jpg,-1,unlabeled,70727332-b9d9-4641-9ee2-1c74a56740ad,unlabeled,-1,0,0.3138960436021382,0
data\unlabelled\708af38b-75da-45bd-ba05-0cb43554bce7.jpg,-1,unlabeled,708af38b-75da-45bd-ba05-0cb43554bce7,unlabeled,-1,1,0.2829232646170059,1
data\unlabelled\7308f105-d60e-40a8-a0d2-6416566053ca.jpg,-1,unlabeled,7308f105-d60e-40a8-a0d2-6416566053ca,unlabeled,-1,0,0.2823553062455002,0
data\unlabelled\73bf0a45-591a-40a5-a046-75cb928eeb71.jpg,-1,unlabeled,73bf0a45-591a-40a5-a046-75cb928eeb71,unlabeled,-1,1,0.2916052208695328,1
data\unlabelled\7438ba9a-e4a5-438a-b6e0-b60eb3b71fd0.jpg,-1,unlabeled,7438ba9a-e4a5-438a-b6e0-b60eb3b71fd0,unlabeled,-1,1,0.2685395477742979,1
data\unlabelled\744e73bc-29c6-4116-9236-785d2c4091b4.jpg,-1,unlabeled,744e73bc-29c6-4116-9236-785d2c4091b4,unlabeled,-1,1,0.2894834500077398,1
data\unlabelled\76942237-22f7-472b-9bb1-ce4543ac5013.jpg,-1,unlabeled,76942237-22f7-472b-9bb1-ce4543ac5013,unlabeled,-1,1,0.2707486722052501,1
data\unlabelled\77fbfa99-d6d8-4730-bf39-8eee7e6f5746.jpg,-1,unlabeled,77fbfa99-d6d8-4730-bf39-8eee7e6f5746,unlabeled,-1,1,0.27296487929464985,1
data\unlabelled\781965e8-8a71-434a-931c-a9c2a550570c.jpg,-1,unlabeled,781965e8-8a71-434a-931c-a9c2a550570c,unlabeled,-1,0,0.2690523273790869,0
data\unlabelled\78567fae-a1d9-46db-a7f1-e5c919ae5baf.jpg,-1,unlabeled,78567fae-a1d9-46db-a7f1-e5c919ae5baf,unlabeled,-1,0,0.37837279631672904,0
data\unlabelled\796983b7-b25c-4d49-ba3a-dc77889f3d41.jpg,-1,unlabeled,796983b7-b25c-4d49-ba3a-dc77889f3d41,unlabeled,-1,1,0.2889244198210842,1
data\unlabelled\7a3d08fb-b6a9-4afa-816e-d8efef8ef1cb.jpg,-1,unlabeled,7a3d08fb-b6a9-4afa-816e-d8efef8ef1cb,unlabeled,-1,0,0.3740441600596468,0
data\unlabelled\7c41e40d-4e72-472c-8da0-b2ce9d642203.jpg,-1,unlabeled,7c41e40d-4e72-472c-8da0-b2ce9d642203,unlabeled,-1,1,0.28711765291567226,1
data\unlabelled\7d258fda-1121-4de6-8463-9ea87d01c71b.jpg,-1,unlabeled,7d258fda-1121-4de6-8463-9ea87d01c71b,unlabeled,-1,0,0.2754148335441965,0
data\unlabelled\7d5333ae-3fe6-414f-b14f-0a1185927b13.jpg,-1,unlabeled,7d5333ae-3fe6-414f-b14f-0a1185927b13,unlabeled,-1,0,0.31696069426739226,0
data\unlabelled\817e929b-25d8-43d4-9cf0-67cea0353238.jpg,-1,unlabeled,817e929b-25d8-43d4-9cf0-67cea0353238,unlabeled,-1,1,0.3021698808079366,1
data\unlabelled\824b1cb2-f810-4bf3-97cc-6a6da787a38d.jpg,-1,unlabeled,824b1cb2-f810-4bf3-97cc-6a6da787a38d,unlabeled,-1,1,0.2756830205455384,1
data\unlabelled\8411efde-077b-4888-9017-55a3c1848399.jpg,-1,unlabeled,8411efde-077b-4888-9017-55a3c1848399,unlabeled,-1,1,0.2787632033503634,1
data\unlabelled\844735a2-b873-4bc8-b0c6-2022dd4517b5.jpg,-1,unlabeled,844735a2-b873-4bc8-b0c6-2022dd4517b5,unlabeled,-1,0,0.2774936148603564,0
data\unlabelled\84e695d7-b3b6-4478-950b-8adb3128b4fb.jpg,-1,unlabeled,84e695d7-b3b6-4478-950b-8adb3128b4fb,unlabeled,-1,0,0.36973612929331123,0
data\unlabelled\85d9cafc-64f4-4588-8300-7ddfc00e90fd.jpg,-1,unlabeled,85d9cafc-64f4-4588-8300-7ddfc00e90fd,unlabeled,-1,0,0.29948113554765143,0
data\unlabelled\8622e150-72a8-4cf9-873c-290335a248af.jpg,-1,unlabeled,8622e150-72a8-4cf9-873c-290335a248af,unlabeled,-1,0,0.2742801533881284,0
data\unlabelled\87f7365b-7192-4eac-bd2e-37068ee8cdb7.jpg,-1,unlabeled,87f7365b-7192-4eac-bd2e-37068ee8cdb7,unlabeled,-1,1,0.3077099407243926,1
data\unlabelled\885b0c52-8257-4511-bb61-5b773eec462e.jpg,-1,unlabeled,885b0c52-8257-4511-bb61-5b773eec462e,unlabeled,-1,0,0.3690497421197625,0
data\unlabelled\8885fcc6-68de-4743-985c-8cc88d02a579.jpg,-1,unlabeled,8885fcc6-68de-4743-985c-8cc88d02a579,unlabeled,-1,0,0.26738893638322425,0
data\unlabelled\88d5e066-3735-4d6d-b729-de99cd014914.jpg,-1,unlabeled,88d5e066-3735-4d6d-b729-de99cd014914,unlabeled,-1,1,0.30650362421571,1
data\unlabelled\88fe5aaa-5b35-47e3-a28a-0b57fc9acabc.jpg,-1,unlabeled,88fe5aaa-5b35-47e3-a28a-0b57fc9acabc,unlabeled,-1,0,0.2769852616916908,0
data\unlabelled\89503f10-1f72-4fec-8769-2347375e9b36.jpg,-1,unlabeled,89503f10-1f72-4fec-8769-2347375e9b36,unlabeled,-1,1,0.2788329425699616,1
data\unlabelled\8aff78cb-bf70-4b9a-85cd-4b1036ba22cc.jpg,-1,unlabeled,8aff78cb-bf70-4b9a-85cd-4b1036ba22cc,unlabeled,-1,1,0.28414371025074037,1
data\unlabelled\8b41163a-f3c8-41da-a113-bdef549a0ce0.jpg,-1,unlabeled,8b41163a-f3c8-41da-a113-bdef549a0ce0,unlabeled,-1,1,0.33982920325985133,1
data\unlabelled\8c4761d3-28d0-483c-8d75-7e4facf21fbb.jpg,-1,unlabeled,8c4761d3-28d0-483c-8d75-7e4facf21fbb,unlabeled,-1,0,0.2776986643086564,0
data\unlabelled\8cd4ed59-139f-4290-8455-05132107b115.jpg,-1,unlabeled,8cd4ed59-139f-4290-8455-05132107b115,unlabeled,-1,0,0.27785023426110467,0
data\unlabelled\8d64b9fd-9f65-4814-aa6e-e94a7c47550b.jpg,-1,unlabeled,8d64b9fd-9f65-4814-aa6e-e94a7c47550b,unlabeled,-1,0,0.2769852616916908,0
data\unlabelled\8d700c36-24aa-4b10-9f65-c988ad4cb3ab.jpg,-1,unlabeled,8d700c36-24aa-4b10-9f65-c988ad4cb3ab,unlabeled,-1,0,0.33845972183459205,0
data\unlabelled\8e403e4c-9a8d-4dc8-8892-f692aec2e765.jpg,-1,unlabeled,8e403e4c-9a8d-4dc8-8892-f692aec2e765,unlabeled,-1,1,0.3516149981638823,1
data\unlabelled\8e4d9f11-5d50-4942-98f8-50458fd0974c.jpg,-1,unlabeled,8e4d9f11-5d50-4942-98f8-50458fd0974c,unlabeled,-1,0,0.3309579920482064,0
data\unlabelled\8f20b4bd-abce-44a7-914e-d0c4e22a09d9.jpg,-1,unlabeled,8f20b4bd-abce-44a7-914e-d0c4e22a09d9,unlabeled,-1,1,0.27821754372502394,1
data\unlabelled\92100fd8-bdbd-49a3-bf65-3f66201a4f35.jpg,-1,unlabeled,92100fd8-bdbd-49a3-bf65-3f66201a4f35,unlabeled,-1,0,0.2839337962271645,0
data\unlabelled\931694a6-44e0-4a93-97c1-7f3d00e7e3c9.jpg,-1,unlabeled,931694a6-44e0-4a93-97c1-7f3d00e7e3c9,unlabeled,-1,0,0.3821183787201473,0
data\unlabelled\9382e987-3df2-465a-8486-e696e4eeabfe.jpg,-1,unlabeled,9382e987-3df2-465a-8486-e696e4eeabfe,unlabeled,-1,0,0.28092034442169533,0
data\unlabelled\961b009d-5d96-4e49-8e0a-f31014c0aedb.jpg,-1,unlabeled,961b009d-5d96-4e49-8e0a-f31014c0aedb,unlabeled,-1,1,0.32791128299855066,1
data\unlabelled\978715e7-db82-4910-a952-40498744ae1e.jpg,-1,unlabeled,978715e7-db82-4910-a952-40498744ae1e,unlabeled,-1,0,0.29123324113958304,0
data\unlabelled\98928722-3d12-4a82-a5d9-16c6b6b65eb3.jpg,-1,unlabeled,98928722-3d12-4a82-a5d9-16c6b6b65eb3,unlabeled,-1,1,0.2882097199934526,1
data\unlabelled\98d7592f-4da2-4888-97a9-34e488a387af.jpg,-1,unlabeled,98d7592f-4da2-4888-97a9-34e488a387af,unlabeled,-1,1,0.27244858158251173,1
data\unlabelled\992ac932-5fd5-46bd-8587-9f8ce8004765.jpg,-1,unlabeled,992ac932-5fd5-46bd-8587-9f8ce8004765,unlabeled,-1,1,0.28959022694205816,1
data\unlabelled\9b2f0d98-5b77-479e-af28-fc3db7350bab.jpg,-1,unlabeled,9b2f0d98-5b77-479e-af28-fc3db7350bab,unlabeled,-1,1,0.349289263806576,1
data\unlabelled\9c72c314-9e62-4249-b57c-e9037ffd1dae.jpg,-1,unlabeled,9c72c314-9e62-4249-b57c-e9037ffd1dae,unlabeled,-1,1,0.2762324309398826,1
data\unlabelled\9f94cc07-eb10-48d4-aebe-c88327765a74.jpg,-1,unlabeled,9f94cc07-eb10-48d4-aebe-c88327765a74,unlabeled,-1,0,0.2975243614259041,0
data\unlabelled\a04979a3-848c-4019-9fac-dd294519b75d.jpg,-1,unlabeled,a04979a3-848c-4019-9fac-dd294519b75d,unlabeled,-1,1,0.31879789666526703,1
data\unlabelled\a0527877-e057-4aad-b285-3c19c94a3534.jpg,-1,unlabeled,a0527877-e057-4aad-b285-3c19c94a3534,unlabeled,-1,1,0.29513352265819004,1
data\unlabelled\a0982775-75fb-4f4a-b955-530a0d59ad61.jpg,-1,unlabeled,a0982775-75fb-4f4a-b955-530a0d59ad61,unlabeled,-1,0,0.29597343644050755,0
data\unlabelled\a213ec08-5323-4cac-b2f7-7a8cd7dad21e.jpg,-1,unlabeled,a213ec08-5323-4cac-b2f7-7a8cd7dad21e,unlabeled,-1,1,0.3271079904999312,1
data\unlabelled\a3f72a5f-00ea-4e2c-9ca8-4a67db544f50.jpg,-1,unlabeled,a3f72a5f-00ea-4e2c-9ca8-4a67db544f50,unlabeled,-1,1,0.2890682833885445,1
data\unlabelled\a4246a3d-368d-44da-8518-cf2d87dc8c59.jpg,-1,unlabeled,a4246a3d-368d-44da-8518-cf2d87dc8c59,unlabeled,-1,1,0.27489951226276266,1
data\unlabelled\a49abbe4-ae77-4c42-b77d-3a09ddc78f06.jpg,-1,unlabeled,a49abbe4-ae77-4c42-b77d-3a09ddc78f06,unlabeled,-1,1,0.2830045431690993,1
data\unlabelled\a6a3b83f-47e0-499f-b71f-8d495ec1c17f.jpg,-1,unlabeled,a6a3b83f-47e0-499f-b71f-8d495ec1c17f,unlabeled,-1,1,0.32014931861204443,1
data\unlabelled\a7229906-e5cd-4ae0-9762-f12dbf1a65c7.jpg,-1,unlabeled,a7229906-e5cd-4ae0-9762-f12dbf1a65c7,unlabeled,-1,0,0.3237602740508687,0
data\unlabelled\a83813e8-550f-4510-999d-fd120608ada3.jpg,-1,unlabeled,a83813e8-550f-4510-999d-fd120608ada3,unlabeled,-1,1,0.28312061574544845,1
data\unlabelled\a94640dc-32e9-4842-ae35-28769b867234.jpg,-1,unlabeled,a94640dc-32e9-4842-ae35-28769b867234,unlabeled,-1,0,0.3078096138443994,0
data\unlabelled\aa237812-9888-464b-8331-cc9b67fc76d4.jpg,-1,unlabeled,aa237812-9888-464b-8331-cc9b67fc76d4,unlabeled,-1,1,0.3496738830452062,1
data\unlabelled\aa3c3d81-b7c5-4f1a-8c26-416bb1e98959.jpg,-1,unlabeled,aa3c3d81-b7c5-4f1a-8c26-416bb1e98959,unlabeled,-1,1,0.2665165562935251,1
data\unlabelled\aa6a9740-d0df-4132-bd1d-083f5d354ca9.jpg,-1,unlabeled,aa6a9740-d0df-4132-bd1d-083f5d354ca9,unlabeled,-1,0,0.3403470477518188,0
data\unlabelled\ab11abb6-af74-41ad-a11a-e7fa6d7291ba.jpg,-1,unlabeled,ab11abb6-af74-41ad-a11a-e7fa6d7291ba,unlabeled,-1,1,0.2694921996740285,1
data\unlabelled\ac865d09-397a-4949-9ebf-46ec9f12fa9c.jpg,-1,unlabeled,ac865d09-397a-4949-9ebf-46ec9f12fa9c,unlabeled,-1,1,0.3072949048965502,1
data\unlabelled\ad830b6f-868a-46e3-bb55-f5246f02fcea.jpg,-1,unlabeled,ad830b6f-868a-46e3-bb55-f5246f02fcea,unlabeled,-1,1,0.28989158248072144,1
data\unlabelled\adf753d3-b12a-4ab5-9c8a-732f31df7bd2.jpg,-1,unlabeled,adf753d3-b12a-4ab5-9c8a-732f31df7bd2,unlabeled,-1,0,0.3055812025875524,0
data\unlabelled\ae204781-dfdd-42e3-add7-a3b4bd3e1d67.jpg,-1,unlabeled,ae204781-dfdd-42e3-add7-a3b4bd3e1d67,unlabeled,-1,1,0.2693095038490475,1
data\unlabelled\aed79224-2956-4bb5-9cfe-ba66a0cc2fa3.jpg,-1,unlabeled,aed79224-2956-4bb5-9cfe-ba66a0cc2fa3,unlabeled,-1,0,0.2840817328673906,0
data\unlabelled\af339dff-712b-4d32-8869-d1840c919217.jpg,-1,unlabeled,af339dff-712b-4d32-8869-d1840c919217,unlabeled,-1,1,0.26750125283320436,1
data\unlabelled\af799b9c-1752-424f-9139-02f554e58b68.jpg,-1,unlabeled,af799b9c-1752-424f-9139-02f554e58b68,unlabeled,-1,1,0.3641054695205106,1
data\unlabelled\afa2ea25-3198-4c2a-90ed-5fbfdb617426.jpg,-1,unlabeled,afa2ea25-3198-4c2a-90ed-5fbfdb617426,unlabeled,-1,1,0.3007584677987568,1
data\unlabelled\b0e5ad1b-ffbc-4ca3-8fc0-a9c3f2843024.jpg,-1,unlabeled,b0e5ad1b-ffbc-4ca3-8fc0-a9c3f2843024,unlabeled,-1,0,0.28156327600281117,0
data\unlabelled\b1596679-1197-4da3-94ea-5c865f1ab2aa.jpg,-1,unlabeled,b1596679-1197-4da3-94ea-5c865f1ab2aa,unlabeled,-1,1,0.363897884995681,1
data\unlabelled\b16fb117-880f-4bf2-844c-8fca10f6a8ba.jpg,-1,unlabeled,b16fb117-880f-4bf2-844c-8fca10f6a8ba,unlabeled,-1,0,0.3140682351485884,0
data\unlabelled\b1b84b67-8ecb-461f-b5d8-5c15dea5b40e.jpg,-1,unlabeled,b1b84b67-8ecb-461f-b5d8-5c15dea5b40e,unlabeled,-1,1,0.2941548479073285,1
data\unlabelled\b3cc2a2a-c893-4007-8923-cf388e074e98.jpg,-1,unlabeled,b3cc2a2a-c893-4007-8923-cf388e074e98,unlabeled,-1,0,0.3242119995058651,0
data\unlabelled\b439fafb-e052-46ed-a016-7ff5d1807c21.jpg,-1,unlabeled,b439fafb-e052-46ed-a016-7ff5d1807c21,unlabeled,-1,0,0.27196114647129677,0
data\unlabelled\b43df22b-ca36-4759-bcab-607c2bb15700.jpg,-1,unlabeled,b43df22b-ca36-4759-bcab-607c2bb15700,unlabeled,-1,1,0.3193270220747494,1
data\unlabelled\b5a05df2-50ea-435b-8946-f4ba1bb1d9ac.jpg,-1,unlabeled,b5a05df2-50ea-435b-8946-f4ba1bb1d9ac,unlabeled,-1,0,0.30231482059213033,0
data\unlabelled\b6261bb8-2308-4f80-8535-0f42397c3231.jpg,-1,unlabeled,b6261bb8-2308-4f80-8535-0f42397c3231,unlabeled,-1,0,0.29081234500294617,0
data\unlabelled\b6a367ea-90ef-4608-8cc4-25d6480f2316.jpg,-1,unlabeled,b6a367ea-90ef-4608-8cc4-25d6480f2316,unlabeled,-1,0,0.3928170048675511,0
data\unlabelled\b7dfdd1a-0fde-4fb6-a164-cd3ffde2c76c.jpg,-1,unlabeled,b7dfdd1a-0fde-4fb6-a164-cd3ffde2c76c,unlabeled,-1,1,0.26662655917819456,1
data\unlabelled\b9929535-b604-4eab-9d1b-aa8fd00a5199.jpg,-1,unlabeled,b9929535-b604-4eab-9d1b-aa8fd00a5199,unlabeled,-1,0,0.27767074832739025,0
data\unlabelled\ba976fd5-3416-4147-908c-1eb3c89a9712.jpg,-1,unlabeled,ba976fd5-3416-4147-908c-1eb3c89a9712,unlabeled,-1,0,0.3048464442090505,0
data\unlabelled\bd823626-a1df-46de-9e4a-f93c6b12600d.jpg,-1,unlabeled,bd823626-a1df-46de-9e4a-f93c6b12600d,unlabeled,-1,1,0.2780615308661828,1
data\unlabelled\be13c534-5a49-4a6f-abed-0ee6d43b8168.jpg,-1,unlabeled,be13c534-5a49-4a6f-abed-0ee6d43b8168,unlabeled,-1,1,0.28899821605838916,1
data\unlabelled\bf057df5-c436-4d56-bae3-66f6e9fc071f.jpg,-1,unlabeled,bf057df5-c436-4d56-bae3-66f6e9fc071f,unlabeled,-1,1,0.28095763215147407,1
data\unlabelled\bfb57862-59ff-4192-9b27-cb09620612b4.jpg,-1,unlabeled,bfb57862-59ff-4192-9b27-cb09620612b4,unlabeled,-1,0,0.41627199541794746,0
data\unlabelled\c00c6d8b-5710-4a18-ba46-6b38b6e760fe.jpg,-1,unlabeled,c00c6d8b-5710-4a18-ba46-6b38b6e760fe,unlabeled,-1,1,0.2842148290998945,1
data\unlabelled\c1031cf0-6eb2-4413-ae12-cc281fb560c5.jpg,-1,unlabeled,c1031cf0-6eb2-4413-ae12-cc281fb560c5,unlabeled,-1,0,0.28227194358370233,0
data\unlabelled\c3305fd4-95c1-4761-bd6c-f8969a1f631e.jpg,-1,unlabeled,c3305fd4-95c1-4761-bd6c-f8969a1f631e,unlabeled,-1,0,0.33511547453329127,0
data\unlabelled\c6942443-0497-4e2c-898b-13a956249316.jpg,-1,unlabeled,c6942443-0497-4e2c-898b-13a956249316,unlabeled,-1,1,0.29952570231984355,1
data\unlabelled\c697f7b8-a805-453b-9f5b-cf0b4f451a33.jpg,-1,unlabeled,c697f7b8-a805-453b-9f5b-cf0b4f451a33,unlabeled,-1,0,0.3597850176923326,0
data\unlabelled\c6fe9750-9be5-4537-abff-cbd0b5c331d2.jpg,-1,unlabeled,c6fe9750-9be5-4537-abff-cbd0b5c331d2,unlabeled,-1,0,0.2941457643784128,0
data\unlabelled\c7050e6d-4a2a-4089-9777-a16c76406873.jpg,-1,unlabeled,c7050e6d-4a2a-4089-9777-a16c76406873,unlabeled,-1,0,0.2690236387764865,0
data\unlabelled\c803aed7-757d-42f7-92ee-363b9dc79499.jpg,-1,unlabeled,c803aed7-757d-42f7-92ee-363b9dc79499,unlabeled,-1,0,0.2735440732108385,0
data\unlabelled\c81630dc-6dd9-4faa-b19c-8f8bfad1d734.jpg,-1,unlabeled,c81630dc-6dd9-4faa-b19c-8f8bfad1d734,unlabeled,-1,1,0.2778804192250083,1
data\unlabelled\c8955ada-d314-4ef4-9bdf-b8159669a58a.jpg,-1,unlabeled,c8955ada-d314-4ef4-9bdf-b8159669a58a,unlabeled,-1,1,0.3027606582966985,1
data\unlabelled\c9c47489-cccf-4acd-88ce-1d2943e5bb6e.jpg,-1,unlabeled,c9c47489-cccf-4acd-88ce-1d2943e5bb6e,unlabeled,-1,0,0.3011142817589342,0
data\unlabelled\cb52c430-69e8-4b42-af50-d061c9416841.jpg,-1,unlabeled,cb52c430-69e8-4b42-af50-d061c9416841,unlabeled,-1,1,0.27583004417719603,1
data\unlabelled\cc16dfb4-6bd5-45ef-b9b9-53df49f47dc0.jpg,-1,unlabeled,cc16dfb4-6bd5-45ef-b9b9-53df49f47dc0,unlabeled,-1,0,0.29775122956558076,0
data\unlabelled\cd33e4c7-bcfd-4228-9976-d480100a74dd.jpg,-1,unlabeled,cd33e4c7-bcfd-4228-9976-d480100a74dd,unlabeled,-1,0,0.2988701557071053,0
data\unlabelled\cd986f61-0bd8-4beb-bd9c-6962d00d59c2.jpg,-1,unlabeled,cd986f61-0bd8-4beb-bd9c-6962d00d59c2,unlabeled,-1,1,0.2914527509507374,1
data\unlabelled\cf3c52af-5549-4f92-a57e-46de32e14e82.jpg,-1,unlabeled,cf3c52af-5549-4f92-a57e-46de32e14e82,unlabeled,-1,1,0.28938536689351135,1
data\unlabelled\d079d7c0-4ffd-4f31-92eb-f753c0241b1c.jpg,-1,unlabeled,d079d7c0-4ffd-4f31-92eb-f753c0241b1c,unlabeled,-1,0,0.2697349471030076,0
data\unlabelled\d0b3497e-5c45-4131-8e33-772abeffdb32.jpg,-1,unlabeled,d0b3497e-5c45-4131-8e33-772abeffdb32,unlabeled,-1,0,0.2792194803478064,0
data\unlabelled\d1459a4b-d693-41dd-84b1-743482796c97.jpg,-1,unlabeled,d1459a4b-d693-41dd-84b1-743482796c97,unlabeled,-1,0,0.3115261424520297,0
data\unlabelled\d32eb4d8-659b-4fac-8949-4efbcb8de115.jpg,-1,unlabeled,d32eb4d8-659b-4fac-8949-4efbcb8de115,unlabeled,-1,1,0.28191426698964117,1
data\unlabelled\d3a9f98b-e591-4a84-b355-b11baa271060.jpg,-1,unlabeled,d3a9f98b-e591-4a84-b355-b11baa271060,unlabeled,-1,1,0.2745981369935906,1
data\unlabelled\d3b69f1b-5771-4e81-b15f-08ada54b414b.jpg,-1,unlabeled,d3b69f1b-5771-4e81-b15f-08ada54b414b,unlabeled,-1,1,0.2835668226078305,1
data\unlabelled\d3e432bb-88fd-4a3c-9116-45e4e7753244.jpg,-1,unlabeled,d3e432bb-88fd-4a3c-9116-45e4e7753244,unlabeled,-1,1,0.29623554817344566,1
data\unlabelled\d51fe3e6-8514-4b2c-aae8-40de18c3a086.jpg,-1,unlabeled,d51fe3e6-8514-4b2c-aae8-40de18c3a086,unlabeled,-1,0,0.3177310176326703,0
data\unlabelled\d52b603e-de7e-4923-9580-75ecf947f3bf.jpg,-1,unlabeled,d52b603e-de7e-4923-9580-75ecf947f3bf,unlabeled,-1,1,0.2682976724715135,1
data\unlabelled\d8a60e0b-1c69-4a5a-9d22-61496a1c0b62.jpg,-1,unlabeled,d8a60e0b-1c69-4a5a-9d22-61496a1c0b62,unlabeled,-1,0,0.2681253557170855,0
data\unlabelled\d9e61628-22de-403a-af05-a4ec0d7767f2.jpg,-1,unlabeled,d9e61628-22de-403a-af05-a4ec0d7767f2,unlabeled,-1,0,0.31125269024491853,0
data\unlabelled\da45f349-f490-49d7-8fb6-c427c7ccf898.jpg,-1,unlabeled,da45f349-f490-49d7-8fb6-c427c7ccf898,unlabeled,-1,1,0.3131619456644984,1
data\unlabelled\db048b60-4059-403e-9325-5cf2c459d169.jpg,-1,unlabeled,db048b60-4059-403e-9325-5cf2c459d169,unlabeled,-1,1,0.3380120683879042,1
data\unlabelled\db6624a9-ef0a-45b1-934f-5f9d85458d40.jpg,-1,unlabeled,db6624a9-ef0a-45b1-934f-5f9d85458d40,unlabeled,-1,1,0.3147148241954668,1
data\unlabelled\dc02d801-1fa9-40a5-8555-1e9d00475723.jpg,-1,unlabeled,dc02d801-1fa9-40a5-8555-1e9d00475723,unlabeled,-1,0,0.31945832601160595,0
data\unlabelled\dc1bf07f-df38-49bf-8310-af79d9ccf51c.jpg,-1,unlabeled,dc1bf07f-df38-49bf-8310-af79d9ccf51c,unlabeled,-1,1,0.3508451321602022,1
data\unlabelled\de13eaea-429f-4c54-b2f4-b7cf1300f44c.jpg,-1,unlabeled,de13eaea-429f-4c54-b2f4-b7cf1300f44c,unlabeled,-1,0,0.26980735221026064,0
data\unlabelled\de1c68e5-fbc2-48a4-a19f-c5c8905b9b24.jpg,-1,unlabeled,de1c68e5-fbc2-48a4-a19f-c5c8905b9b24,unlabeled,-1,0,0.36827624465510644,0
data\unlabelled\e02525d9-b8a5-417c-a68e-ba1647a63b34.jpg,-1,unlabeled,e02525d9-b8a5-417c-a68e-ba1647a63b34,unlabeled,-1,1,0.2918071245134939,1
data\unlabelled\e04ed68c-5e2b-4a7f-8264-48d99160e937.jpg,-1,unlabeled,e04ed68c-5e2b-4a7f-8264-48d99160e937,unlabeled,-1,1,0.2813503634681619,1
data\unlabelled\e0e5275a-7c43-43ea-8ab8-a174f6468481.jpg,-1,unlabeled,e0e5275a-7c43-43ea-8ab8-a174f6468481,unlabeled,-1,1,0.26904395333820386,1
data\unlabelled\e1f0b2f9-7016-439b-ae96-b10a4f1b75b1.jpg,-1,unlabeled,e1f0b2f9-7016-439b-ae96-b10a4f1b75b1,unlabeled,-1,0,0.39990208476290257,0
data\unlabelled\e37116d4-26f1-4aec-b4fa-f51d00435a33.jpg,-1,unlabeled,e37116d4-26f1-4aec-b4fa-f51d00435a33,unlabeled,-1,0,0.3133691678327569,0
data\unlabelled\e554e606-348a-47c4-a6cc-aa3c2194f631.jpg,-1,unlabeled,e554e606-348a-47c4-a6cc-aa3c2194f631,unlabeled,-1,1,0.2797546678509927,1
data\unlabelled\e69bc3be-ff42-4189-b00a-bc077cf2a284.jpg,-1,unlabeled,e69bc3be-ff42-4189-b00a-bc077cf2a284,unlabeled,-1,0,0.284739244293035,0
data\unlabelled\e71917e5-06af-4d12-855f-1066bff881a6.jpg,-1,unlabeled,e71917e5-06af-4d12-855f-1066bff881a6,unlabeled,-1,0,0.27043308818846246,0
data\unlabelled\e7f5be64-b2c8-4a5d-887b-30525048c54f.jpg,-1,unlabeled,e7f5be64-b2c8-4a5d-887b-30525048c54f,unlabeled,-1,0,0.3231212691689651,0
data\unlabelled\e91ff2a7-3285-4448-bcf3-564247f2e988.jpg,-1,unlabeled,e91ff2a7-3285-4448-bcf3-564247f2e988,unlabeled,-1,1,0.27934610722575703,1
data\unlabelled\ea7cd9df-e4e5-42d8-926b-7fa218c92918.jpg,-1,unlabeled,ea7cd9df-e4e5-42d8-926b-7fa218c92918,unlabeled,-1,1,0.2813262174570088,1
data\unlabelled\ea862723-cd8a-40d1-bce6-a004996997d8.jpg,-1,unlabeled,ea862723-cd8a-40d1-bce6-a004996997d8,unlabeled,-1,0,0.2794808510666492,0
data\unlabelled\eb516a02-32f0-4bd5-b7d9-fe046df5ffc8.jpg,-1,unlabeled,eb516a02-32f0-4bd5-b7d9-fe046df5ffc8,unlabeled,-1,1,0.27983747639034784,1
data\unlabelled\eb986a31-64da-4e15-8246-16f8f6668649.jpg,-1,unlabeled,eb986a31-64da-4e15-8246-16f8f6668649,unlabeled,-1,0,0.28234397061536276,0
data\unlabelled\ecb564c0-9102-4916-82c5-823bf4d7ac33.jpg,-1,unlabeled,ecb564c0-9102-4916-82c5-823bf4d7ac33,unlabeled,-1,1,0.27620460283929404,1
data\unlabelled\ed07b9e0-d1b3-4a93-bdc7-c77c3b5037d9.jpg,-1,unlabeled,ed07b9e0-d1b3-4a93-bdc7-c77c3b5037d9,unlabeled,-1,0,0.32873996918464754,0
data\unlabelled\ed88b3db-1d6c-44c5-9e08-30c4a040910c.jpg,-1,unlabeled,ed88b3db-1d6c-44c5-9e08-30c4a040910c,unlabeled,-1,1,0.2864309989483579,1
data\unlabelled\ee751cc3-cfee-4744-9f2d-16b177562ec1.jpg,-1,unlabeled,ee751cc3-cfee-4744-9f2d-16b177562ec1,unlabeled,-1,1,0.30178333857747375,1
data\unlabelled\ee86a462-65df-4c23-88cf-3d92e54de3f5.jpg,-1,unlabeled,ee86a462-65df-4c23-88cf-3d92e54de3f5,unlabeled,-1,0,0.33135516482072946,0
data\unlabelled\f2e48e96-9d99-4e4c-a492-618674724d8d.jpg,-1,unlabeled,f2e48e96-9d99-4e4c-a492-618674724d8d,unlabeled,-1,1,0.29100796347691005,1
data\unlabelled\f3bd1d86-a448-4578-a47c-9a4c826403b1.jpg,-1,unlabeled,f3bd1d86-a448-4578-a47c-9a4c826403b1,unlabeled,-1,0,0.2696170669257473,0
data\unlabelled\f416fc93-9b7d-4211-88be-e09539b1f9b1.jpg,-1,unlabeled,f416fc93-9b7d-4211-88be-e09539b1f9b1,unlabeled,-1,1,0.2840424015587445,1
data\unlabelled\f496cf0b-abc1-4714-9efc-f521e53d98a9.jpg,-1,unlabeled,f496cf0b-abc1-4714-9efc-f521e53d98a9,unlabeled,-1,1,0.27956935384106285,1
data\unlabelled\f4f5d644-5d18-477f-b048-0e2cc5c3abe2.jpg,-1,unlabeled,f4f5d644-5d18-477f-b048-0e2cc5c3abe2,unlabeled,-1,1,0.2879942727391035,1
data\unlabelled\f52abe7f-be3d-4428-8c75-a9e08f981f0b.jpg,-1,unlabeled,f52abe7f-be3d-4428-8c75-a9e08f981f0b,unlabeled,-1,0,0.26625634421184263,0
data\unlabelled\f5b50212-f975-4a37-afa5-032b2a003298.jpg,-1,unlabeled,f5b50212-f975-4a37-afa5-032b2a003298,unlabeled,-1,0,0.29752437563921796,0
data\unlabelled\f6a21abe-1f7c-4bba-8f41-46db83b082e7.jpg,-1,unlabeled,f6a21abe-1f7c-4bba-8f41-46db83b082e7,unlabeled,-1,0,0.31406097278064493,0
data\unlabelled\f6e3df92-dfef-4c23-af5c-26994759f219.jpg,-1,unlabeled,f6e3df92-dfef-4c23-af5c-26994759f219,unlabeled,-1,0,0.3017493711020074,0
data\unlabelled\f825d461-7eb0-4bed-b0e3-f0c0ebde2cd5.jpg,-1,unlabeled,f825d461-7eb0-4bed-b0e3-f0c0ebde2cd5,unlabeled,-1,0,0.3072690856347142,0
data\unlabelled\f947fcc8-74e2-4b6c-b7aa-157a67641ac1.jpg,-1,unlabeled,f947fcc8-74e2-4b6c-b7aa-157a67641ac1,unlabeled,-1,1,0.3025370622849466,1
data\unlabelled\fb6a7301-59d7-4e59-a351-093cf585b713.jpg,-1,unlabeled,fb6a7301-59d7-4e59-a351-093cf585b713,unlabeled,-1,1,0.2932570236165697,1
data\unlabelled\fced49dd-3752-42a0-a55c-03bc4e627614.jpg,-1,unlabeled,fced49dd-3752-42a0-a55c-03bc4e627614,unlabeled,-1,1,0.35324036584799623,1
data\unlabelled\ff3d5248-a7a7-47f6-8fe4-a44a45af64f5.jpg,-1,unlabeled,ff3d5248-a7a7-47f6-8fe4-a44a45af64f5,unlabeled,-1,1,0.2856750555296329,1
